Step,Observation,Possible Substitution,Substitution Tested,Result,Decision
1,"High-frequency ciphertext letter","T -> E","T -> E","___E_______ ____________________. _E _______E ____ _E_____ __ __E_E_____ _____E_ E______E__ _E________ __ _E__E__ _E__E_","Accepted as frequency candidate"
2,"High-frequency ciphertext letter","Z -> T","Z -> T","___E_______ _____T____________T_. _E _______E T___ _E_T___ __ __E_E_T___ ___T_E_ E______E_T _E____T___ __ _E__E_T _E__E_","Accepted as frequency candidate"
3,"High-frequency ciphertext letter","O -> A","O -> A","___E____A__ A__A_TA___A____A_AT_. _E _______E T_A_ _E_TA__ __ __E_E_TA__ ___T_E_ E__A___E_T _E_A_ATA__ __ _E__E_T _E__E_","Accepted as frequency candidate"
4,"High-frequency ciphertext letter","F -> O","F -> O","___E____A__ AO_A_TAO__A____A_AT_. _E __O____E T_A_ _E_TA_O __ __E_EOTAO_ _O_T_E_ E__A___EOT _E_AOATA_O __ _E__E_T _E__E_","Accepted as frequency candidate"
5,"High-frequency ciphertext letter","Q -> I","Q -> I","I__E__I_AI_ AO_A_TAO__A__I_A_AT_. _E __O____E T_A_ _E_TA_O __ __E_EOTAO_ IO_T_E_ E__A_I_EOT _E_AOATA_O __ _E__E_T _E__E_","Accepted as frequency candidate"
6,"High-frequency ciphertext letter","L -> N","L -> N","I__E_NI_AI_ AO_ANTAO__AN_I_A_AT_. _E __O____E T_AN NE_TA_O __ __ENEOTAO_ IO_T_E_ E__A_I_EOT _E_AOATA_O __ _E__E_T NE__E_","Accepted as frequency candidate"
7,"High-frequency ciphertext letter","G -> S","G -> S","I__E_NI_AI_ AO_ANTAO__AN_I_A_AT_. _E _SO____E T_AN NE_TASO __ __ENEOTAO_ IOST_E_ E__A_I_EOT _E_AOATASO S_ _E__E_T NE__E_","Accepted as frequency candidate"
8,"High-frequency ciphertext letter","K -> H","K -> H","I__EHNIHAI_ AO_ANTAO__AN_I_A_AT_. _E _SO____E T_AN NE_TASO __ _HENEOTAO_ IOST_EH E__A_I_EOT _E_AOATASO S_ _EH_E_T NE_HE_","Accepted as frequency candidate"
9,"High-frequency ciphertext letter","I -> R","I -> R","I__EHNIHAI_ AO_ANTAO__ANRI_A_AT_. _E _SO____E TRAN NE_TASO __ _HENEOTAO_ IOSTREH E__A_I_EOT _E_AOATASO S_ _EH_E_T NE_HE_","Accepted as frequency candidate"
10,"High-frequency ciphertext letter","E -> D","E -> D","I__EHNIHAI_ AO_ANTAO__ANRI_A_AT_. _E DSOD___E TRAN NEDTASO __ _HENEOTAO_ IOSTREH E__A_I_EOT _E_AOATASO S_ _EH_EDT NEDHED","Accepted as frequency candidate"
11,"High-frequency ciphertext letter","R -> L","R -> L","IL_EHNIHAI_ AOLANTAO__ANRI_A_AT_. _E DSOD__LE TRAN NEDTASO __ _HENEOTAO_ IOSTREH E__A_I_EOT LE_AOATASO S_ _EH_EDT NEDHED","Accepted as frequency candidate"
12,"High-frequency ciphertext letter","S -> C","S -> C","IL_EHNIHAIC AOLANTAO__ANRI_ACAT_. _E DSODC_LE TRAN NEDTASO __ _HENEOTAO_ IOSTREH E__A_ICEOT LE_AOATASO S_ _EH_EDT NEDHED","Accepted as frequency candidate"
13,"Word pattern matched: VT has pattern 01","V -> B","VT -> BE","IL_EHNIHAIC AOLANTAO__ANRI_ACAT_. BE DSODC_LE TRAN NEDTASO __ _HENEOTAO_ IOSTREH E__A_ICEOT LE_AOATASO S_ _EH_EDT NEDHED","Accepted"
14,"Word pattern matched: WN has pattern 01","W -> U","WN -> UP","IL_EHNIHAIC AOLANTAO__ANRIUACATP. BE DSODC_LE TRAN NEDTASO UP _HENEOTAO_ IOSTREH E__A_ICEOT LE_AOATASO S_ _EH_EDT NEDHED","Accepted"
15,"Word pattern matched: OL has pattern 01","O -> A","OL -> AN","IL_EHNIHAIC AOLANTAO__ANRIUACATP. BE DSODC_LE TRAN NEDTASO UP _HENEOTAO_ IOSTREH E__A_ICEOT LE_AOATASO S_ _EH_EDT NEDHED","Accepted"
16,"Word pattern matched: GF has pattern 01","G -> S","GF -> SO","IL_EHNIHAIC AOLANTAO__ANRIUACATP. BE DSODC_LE TRAN NEDTASO UP _HENEOTAO_ IOSTREH E__A_ICEOT LE_AOATASO S_ _EH_EDT NEDHED","Accepted"
17,"Word pattern matched: VT has pattern 01","V -> B","VT -> BE","IL_EHNIHAIC AOLANTAO__ANRIUACATP. BE DSODC_LE TRAN NEDTASO UP _HENEOTAO_ IOSTREH E__A_ICEOT LE_AOATASO S_ _EH_EDT NEDHED","Accepted"
18,"Word pattern matched: OZ has pattern 01","O -> A","OZ -> AT","IL_EHNIHAIC AOLANTAO__ANRIUACATP. BE DSODC_LE TRAN NEDTASO UP _HENEOTAO_ IOSTREH E__A_ICEOT LE_AOATASO S_ _EH_EDT NEDHED","Accepted"
19,"Word pattern matched: QL has pattern 01","Q -> I","QL -> IN","IL_EHNIHAIC AOLANTAO__ANRIUACATP. BE DSODC_LE TRAN NEDTASO UP _HENEOTAO_ IOSTREH E__A_ICEOT LE_AOATASO S_ _EH_EDT NEDHED","Accepted"
20,"Word pattern matched: VT has pattern 01","V -> B","VT -> BE","IL_EHNIHAIC AOLANTAO__ANRIUACATP. BE DSODC_LE TRAN NEDTASO UP _HENEOTAO_ IOSTREH E__A_ICEOT LE_AOATASO S_ _EH_EDT NEDHED","Accepted"
21,"Word pattern matched: VT has pattern 01","V -> B","VT -> BE","IL_EHNIHAIC AOLANTAO__ANRIUACATP. BE DSODC_LE TRAN NEDTASO UP _HENEOTAO_ IOSTREH E__A_ICEOT LE_AOATASO S_ _EH_EDT NEDHED","Accepted"
22,"Word pattern matched: UQDT has pattern 0123","U -> G","UQDT -> GIVE","IL_EHNIHAIC AOLANTAOG_ANRIUACATP. BE DSODC_LE TRAN NEDTASO UP _HENEOTAOG IOSTREH E__A_ICEOT LE_AOATASO S_ _EH_EDT NEDHED","Accepted"
23,"Word pattern matched: VT has pattern 01","V -> B","VT -> BE","IL_EHNIHAIC AOLANTAOG_ANRIUACATP. BE DSODC_LE TRAN NEDTASO UP _HENEOTAOG IOSTREH E__A_ICEOT LE_AOATASO S_ _EH_EDT NEDHED","Accepted"
24,"Word pattern matched: VT has pattern 01","V -> B","VT -> BE","IL_EHNIHAIC AOLANTAOG_ANRIUACATP. BE DSODC_LE TRAN NEDTASO UP _HENEOTAOG IOSTREH E__A_ICEOT LE_AOATASO S_ _EH_EDT NEDHED","Accepted"
25,"Word pattern matched: OZ has pattern 01","O -> A","OZ -> AT","IL_EHNIHAIC AOLANTAOG_ANRIUACATP. BE DSODC_LE TRAN NEDTASO UP _HENEOTAOG IOSTREH E__A_ICEOT LE_AOATASO S_ _EH_EDT NEDHED","Accepted"
26,"Word pattern matched: OL has pattern 01","O -> A","OL -> AN","IL_EHNIHAIC AOLANTAOG_ANRIUACATP. BE DSODC_LE TRAN NEDTASO UP _HENEOTAOG IOSTREH E__A_ICEOT LE_AOATASO S_ _EH_EDT NEDHED","Accepted"
27,"Word pattern matched: OZ has pattern 01","O -> A","OZ -> AT","IL_EHNIHAIC AOLANTAOG_ANRIUACATP. BE DSODC_LE TRAN NEDTASO UP _HENEOTAOG IOSTREH E__A_ICEOT LE_AOATASO S_ _EH_EDT NEDHED","Accepted"
28,"Word pattern matched: OL has pattern 01","O -> A","OL -> AN","IL_EHNIHAIC AOLANTAOG_ANRIUACATP. BE DSODC_LE TRAN NEDTASO UP _HENEOTAOG IOSTREH E__A_ICEOT LE_AOATASO S_ _EH_EDT NEDHED","Accepted"
29,"Word pattern matched: VT has pattern 01","V -> B","VT -> BE","IL_EHNIHAIC AOLANTAOG_ANRIUACATP. BE DSODC_LE TRAN NEDTASO UP _HENEOTAOG IOSTREH E__A_ICEOT LE_AOATASO S_ _EH_EDT NEDHED","Accepted"
30,"Word pattern matched: QL has pattern 01","Q -> I","QL -> IN","IL_EHNIHAIC AOLANTAOG_ANRIUACATP. BE DSODC_LE TRAN NEDTASO UP _HENEOTAOG IOSTREH E__A_ICEOT LE_AOATASO S_ _EH_EDT NEDHED","Accepted"
31,"Word pattern matched: OL has pattern 01","O -> A","OL -> AN","IL_EHNIHAIC AOLANTAOG_ANRIUACATP. BE DSODC_LE TRAN NEDTASO UP _HENEOTAOG IOSTREH E__A_ICEOT LE_AOATASO S_ _EH_EDT NEDHED","Accepted"
32,"Word pattern matched: OL has pattern 01","O -> A","OL -> AN","IL_EHNIHAIC AOLANTAOG_ANRIUACATP. BE DSODC_LE TRAN NEDTASO UP _HENEOTAOG IOSTREH E__A_ICEOT LE_AOATASO S_ _EH_EDT NEDHED","Accepted"
33,"Word pattern matched: OZ has pattern 01","O -> A","OZ -> AT","IL_EHNIHAIC AOLANTAOG_ANRIUACATP. BE DSODC_LE TRAN NEDTASO UP _HENEOTAOG IOSTREH E__A_ICEOT LE_AOATASO S_ _EH_EDT NEDHED","Accepted"
34,"Word pattern matched: OL has pattern 01","O -> A","OL -> AN","IL_EHNIHAIC AOLANTAOG_ANRIUACATP. BE DSODC_LE TRAN NEDTASO UP _HENEOTAOG IOSTREH E__A_ICEOT LE_AOATASO S_ _EH_EDT NEDHED","Accepted"
35,"Word pattern matched: WN has pattern 01","W -> U","WN -> UP","IL_EHNIHAIC AOLANTAOG_ANRIUACATP. BE DSODC_LE TRAN NEDTASO UP _HENEOTAOG IOSTREH E__A_ICEOT LE_AOATASO S_ _EH_EDT NEDHED","Accepted"
36,"Word pattern matched: OL has pattern 01","O -> A","OL -> AN","IL_EHNIHAIC AOLANTAOG_ANRIUACATP. BE DSODC_LE TRAN NEDTASO UP _HENEOTAOG IOSTREH E__A_ICEOT LE_AOATASO S_ _EH_EDT NEDHED","Accepted"
37,"Word pattern matched: OZ has pattern 01","O -> A","OZ -> AT","IL_EHNIHAIC AOLANTAOG_ANRIUACATP. BE DSODC_LE TRAN NEDTASO UP _HENEOTAOG IOSTREH E__A_ICEOT LE_AOATASO S_ _EH_EDT NEDHED","Accepted"
38,"Word pattern matched: OL has pattern 01","O -> A","OL -> AN","IL_EHNIHAIC AOLANTAOG_ANRIUACATP. BE DSODC_LE TRAN NEDTASO UP _HENEOTAOG IOSTREH E__A_ICEOT LE_AOATASO S_ _EH_EDT NEDHED","Accepted"
39,"Word pattern matched: VT has pattern 01","V -> B","VT -> BE","IL_EHNIHAIC AOLANTAOG_ANRIUACATP. BE DSODC_LE TRAN NEDTASO UP _HENEOTAOG IOSTREH E__A_ICEOT LE_AOATASO S_ _EH_EDT NEDHED","Accepted"
40,"Word pattern matched: OL has pattern 01","O -> A","OL -> AN","IL_EHNIHAIC AOLANTAOG_ANRIUACATP. BE DSODC_LE TRAN NEDTASO UP _HENEOTAOG IOSTREH E__A_ICEOT LE_AOATASO S_ _EH_EDT NEDHED","Accepted"
41,"Word pattern matched: VT has pattern 01","V -> B","VT -> BE","IL_EHNIHAIC AOLANTAOG_ANRIUACATP. BE DSODC_LE TRAN NEDTASO UP _HENEOTAOG IOSTREH E__A_ICEOT LE_AOATASO S_ _EH_EDT NEDHED","Accepted"
42,"Word pattern matched: QL has pattern 01","Q -> I","QL -> IN","IL_EHNIHAIC AOLANTAOG_ANRIUACATP. BE DSODC_LE TRAN NEDTASO UP _HENEOTAOG IOSTREH E__A_ICEOT LE_AOATASO S_ _EH_EDT NEDHED","Accepted"
43,"Word pattern matched: OL has pattern 01","O -> A","OL -> AN","IL_EHNIHAIC AOLANTAOG_ANRIUACATP. BE DSODC_LE TRAN NEDTASO UP _HENEOTAOG IOSTREH E__A_ICEOT LE_AOATASO S_ _EH_EDT NEDHED","Accepted"
44,"Word pattern matched: OL has pattern 01","O -> A","OL -> AN","IL_EHNIHAIC AOLANTAOG_ANRIUACATP. BE DSODC_LE TRAN NEDTASO UP _HENEOTAOG IOSTREH E__A_ICEOT LE_AOATASO S_ _EH_EDT NEDHED","Accepted"
45,"Word pattern matched: GF has pattern 01","G -> S","GF -> SO","IL_EHNIHAIC AOLANTAOG_ANRIUACATP. BE DSODC_LE TRAN NEDTASO UP _HENEOTAOG IOSTREH E__A_ICEOT LE_AOATASO S_ _EH_EDT NEDHED","Accepted"
46,"Word pattern matched: VT has pattern 01","V -> B","VT -> BE","IL_EHNIHAIC AOLANTAOG_ANRIUACATP. BE DSODC_LE TRAN NEDTASO UP _HENEOTAOG IOSTREH E__A_ICEOT LE_AOATASO S_ _EH_EDT NEDHED","Accepted"
47,"Word pattern matched: OL has pattern 01","O -> A","OL -> AN","IL_EHNIHAIC AOLANTAOG_ANRIUACATP. BE DSODC_LE TRAN NEDTASO UP _HENEOTAOG IOSTREH E__A_ICEOT LE_AOATASO S_ _EH_EDT NEDHED","Accepted"
48,"Word pattern matched: OL has pattern 01","O -> A","OL -> AN","IL_EHNIHAIC AOLANTAOG_ANRIUACATP. BE DSODC_LE TRAN NEDTASO UP _HENEOTAOG IOSTREH E__A_ICEOT LE_AOATASO S_ _EH_EDT NEDHED","Accepted"
49,"Word pattern matched: OL has pattern 01","O -> A","OL -> AN","IL_EHNIHAIC AOLANTAOG_ANRIUACATP. BE DSODC_LE TRAN NEDTASO UP _HENEOTAOG IOSTREH E__A_ICEOT LE_AOATASO S_ _EH_EDT NEDHED","Accepted"
50,"Word pattern matched: GF has pattern 01","G -> S","GF -> SO","IL_EHNIHAIC AOLANTAOG_ANRIUACATP. BE DSODC_LE TRAN NEDTASO UP _HENEOTAOG IOSTREH E__A_ICEOT LE_AOATASO S_ _EH_EDT NEDHED","Accepted"
51,"Word pattern matched: QL has pattern 01","Q -> I","QL -> IN","IL_EHNIHAIC AOLANTAOG_ANRIUACATP. BE DSODC_LE TRAN NEDTASO UP _HENEOTAOG IOSTREH E__A_ICEOT LE_AOATASO S_ _EH_EDT NEDHED","Accepted"
52,"Word pattern matched: QL has pattern 01","Q -> I","QL -> IN","IL_EHNIHAIC AOLANTAOG_ANRIUACATP. BE DSODC_LE TRAN NEDTASO UP _HENEOTAOG IOSTREH E__A_ICEOT LE_AOATASO S_ _EH_EDT NEDHED","Accepted"
53,"Word pattern matched: OZ has pattern 01","O -> A","OZ -> AT","IL_EHNIHAIC AOLANTAOG_ANRIUACATP. BE DSODC_LE TRAN NEDTASO UP _HENEOTAOG IOSTREH E__A_ICEOT LE_AOATASO S_ _EH_EDT NEDHED","Accepted"
54,"Word pattern matched: OL has pattern 01","O -> A","OL -> AN","IL_EHNIHAIC AOLANTAOG_ANRIUACATP. BE DSODC_LE TRAN NEDTASO UP _HENEOTAOG IOSTREH E__A_ICEOT LE_AOATASO S_ _EH_EDT NEDHED","Accepted"
55,"Word pattern matched: OL has pattern 01","O -> A","OL -> AN","IL_EHNIHAIC AOLANTAOG_ANRIUACATP. BE DSODC_LE TRAN NEDTASO UP _HENEOTAOG IOSTREH E__A_ICEOT LE_AOATASO S_ _EH_EDT NEDHED","Accepted"
56,"Word pattern matched: OL has pattern 01","O -> A","OL -> AN","IL_EHNIHAIC AOLANTAOG_ANRIUACATP. BE DSODC_LE TRAN NEDTASO UP _HENEOTAOG IOSTREH E__A_ICEOT LE_AOATASO S_ _EH_EDT NEDHED","Accepted"
57,"Word pattern matched: VT has pattern 01","V -> B","VT -> BE","IL_EHNIHAIC AOLANTAOG_ANRIUACATP. BE DSODC_LE TRAN NEDTASO UP _HENEOTAOG IOSTREH E__A_ICEOT LE_AOATASO S_ _EH_EDT NEDHED","Accepted"
58,"Word pattern matched: QL has pattern 01","Q -> I","QL -> IN","IL_EHNIHAIC AOLANTAOG_ANRIUACATP. BE DSODC_LE TRAN NEDTASO UP _HENEOTAOG IOSTREH E__A_ICEOT LE_AOATASO S_ _EH_EDT NEDHED","Accepted"
59,"Word pattern matched: OZ has pattern 01","O -> A","OZ -> AT","IL_EHNIHAIC AOLANTAOG_ANRIUACATP. BE DSODC_LE TRAN NEDTASO UP _HENEOTAOG IOSTREH E__A_ICEOT LE_AOATASO S_ _EH_EDT NEDHED","Accepted"
60,"Word pattern matched: OZ has pattern 01","O -> A","OZ -> AT","IL_EHNIHAIC AOLANTAOG_ANRIUACATP. BE DSODC_LE TRAN NEDTASO UP _HENEOTAOG IOSTREH E__A_ICEOT LE_AOATASO S_ _EH_EDT NEDHED","Accepted"
61,"Word pattern matched: OL has pattern 01","O -> A","OL -> AN","IL_EHNIHAIC AOLANTAOG_ANRIUACATP. BE DSODC_LE TRAN NEDTASO UP _HENEOTAOG IOSTREH E__A_ICEOT LE_AOATASO S_ _EH_EDT NEDHED","Accepted"
62,"Word pattern matched: OL has pattern 01","O -> A","OL -> AN","IL_EHNIHAIC AOLANTAOG_ANRIUACATP. BE DSODC_LE TRAN NEDTASO UP _HENEOTAOG IOSTREH E__A_ICEOT LE_AOATASO S_ _EH_EDT NEDHED","Accepted"
63,"Remaining unmapped letters completed by frequency order","H -> M","H -> M","IL_EHNIHAIC AOLANTAOG_ANRIUACATP. BE DSODC_LE TRAN NEDTASO UP MHENEOTAOG IOSTREH E__A_ICEOT LE_AOATASO S_ MEH_EDT NEDHED","Accepted as completion"
64,"Remaining unmapped letters completed by frequency order","X -> W","X -> W","IL_EHNIHAIC AOLANTAOGWANRIUACATP. BE DSODCWLE TRAN NEDTASO UP MHENEOTAOG IOSTREH E_WA_ICEOT LE_AOATASO S_ MEH_EDT NEDHED","Accepted as completion"
65,"Remaining unmapped letters completed by frequency order","Y -> F","Y -> F","IL_EHNIHAIC AOLANTAOGWANRIUACATP. BE DSODCWLE TRAN NEDTASO UP MHENEOTAOG IOSTREH E_WA_ICEOT LEFAOATASO SF MEHFEDT NEDHED","Accepted as completion"
66,"Remaining unmapped letters completed by frequency order","C -> Y","C -> Y","ILYEHNIHAIC AOLANTAOGWANRIUACATP. BE DSODCWLE TRAN NEDTASO UP MHENEOTAOG IOSTREH E_WAYICEOT LEFAOATASO SF MEHFEDT NEDHED","Accepted as completion"
67,"Remaining unmapped letters completed by frequency order","B -> K","B -> K","ILYEHNIHAIC AOLANTAOGWANRIUACATP. BE DSODCWLE TRAN NEDTASO UP MHENEOTAOG IOSTREH E_WAYICEOT LEFAOATASO SF MEHFEDT NEDHED","Accepted as completion"
68,"Remaining unmapped letters completed by frequency order","A -> J","A -> J","ILYEHNIHAIC AOLANTAOGWANRIUACATP. BE DSODCWLE TRAN NEDTASO UP MHENEOTAOG IOSTREH E_WAYICEOT LEFAOATASO SF MEHFEDT NEDHED","Accepted as completion"
69,"Remaining unmapped letters completed by frequency order","J -> X","J -> X","ILYEHNIHAIC AOLANTAOGWANRIUACATP. BE DSODCWLE TRAN NEDTASO UP MHENEOTAOG IOSTREH EXWAYICEOT LEFAOATASO SF MEHFEDT NEDHED","Accepted as completion"
70,"Remaining unmapped letters completed by frequency order","P -> Q","P -> Q","ILYEHNIHAIC AOLANTAOGWANRIUACATP. BE DSODCWLE TRAN NEDTASO UP MHENEOTAOG IOSTREH EXWAYICEOT LEFAOATASO SF MEHFEDT NEDHED","Accepted as completion"
71,"Remaining unmapped letters completed by frequency order","M -> Z","M -> Z","ILYEHNIHAIC AOLANTAOGWANRIUACATP. BE DSODCWLE TRAN NEDTASO UP MHENEOTAOG IOSTREH EXWAYICEOT LEFAOATASO SF MEHFEDT NEDHED","Accepted as completion"
